sku,product_name,category
11-00-01-0001-01,Energy - Raspberry Raptor - Tub 50 Portions,01 - Energy Bundle
11-00-01-0002-01,Energy - Tropical Tiger - Tub 50 Portions,01 - Energy Bundle
11-00-01-0003-01,Energy - Citrus Cobra - Tub 50 Portions,01 - Energy Bundle
11-00-01-0004-01,Energy - Strawberry Shark - Tub 50 Portions,01 - Energy Bundle
11-00-01-0005-01,Energy - Lemon Lizard - Tub 50 Portions,01 - Energy Bundle
11-00-01-0007-01,Energy - Lion Lemonade - Tub 50 Portions,01 - Energy Bundle
11-00-01-0008-01,Energy - Peach Panther - Tub 50 Portions,01 - Energy Bundle
11-00-01-0009-01,Energy - Blueberry Bear - Tub 50 Portions,01 - Energy Bundle
11-00-01-0010-01,Energy - Pomegranate Piranha - Tub 50 Portions,01 - Energy Bundle
11-00-01-0011-01,Energy - Bubblegum Butterfly - Tub 50 Portions,01 - Energy Bundle
11-00-01-0012-01,Energy - Baked Apple Board - Tub 50 Portions,01 - Energy Bundle
11-00-01-0013-01,Energy - Fruity Frog - Tub 50 Portions,01 - Energy Bundle
11-00-01-0014-01,Energy - Thai Lime Toucan - Tub 50 Portions,01 - Energy Bundle
11-00-01-0015-01,Energy - Cactus Camel - Tub 50 Portions,01 - Energy Bundle
11-00-01-0016-01,Energy - Gorilla Grape - Tub 50 Portions,01 - Energy Bundle
11-00-01-0017-01,Energy - Apple Alligator - Tub 50 Portions,01 - Energy Bundle
11-00-01-0018-01,Energy - Watermelon Whale - Tub 50 Portions,01 - Energy Bundle
11-00-01-0019-01,Energy - Wildberry Wolf - Tub 50 Portions,01 - Energy Bundle
11-00-01-0020-01,Energy - Peacock Punch - Tub 50 Portions,01 - Energy Bundle
11-00-01-0021-01,Energy - Cherry Cheetah - Tub 50 Portions,01 - Energy Bundle
11-00-01-0022-01,Energy - Woodruff Wolf - Tub 50 Portions,01 - Energy Bundle
11-00-01-0024-01,Energy - Gurana Eel - Tub 50 Portions,01 - Energy Bundle
11-00-01-0031-01,Energy - Caipirinha Crab - Tub 50 Portions,01 - Energy Bundle
11-00-01-0032-01,Energy - Daiquiry Dolphin - Tub 50 Portions,01 - Energy Bundle
11-00-01-0033-01,Energy - Mojito Macaw - Tub 50 Portions,01 - Energy Bundle
11-00-01-0034-01,Energy - Kiwi Komodo - Tub 50 Portions,01 - Energy Bundle
11-00-01-0035-01,Energy - Dragonfruit - Tub 50 Portions,01 - Energy Bundle
11-00-01-0036-01,Energy - Bloodorange Bat - Tub 50 Portions,01 - Energy Bundle
11-00-01-0037-01,Energy - Frosty Fox - Tub 50 Portions,01 - Energy Bundle
11-00-01-0038-01,Energy - Grapefruit Giraffe - Tub 50 Portions,01 - Energy Bundle
11-00-01-0039-01,Energy - Burrsday Bunny - Tub 50 Portions,01 - Energy Bundle
11-00-01-0041-01,Energy - Colada Capybara - Tub 50 Portions,01 - Energy Bundle
11-00-01-0042-01,Energy - Tangerine Tarantula - Tub 50 Portions,01 - Energy Bundle
11-00-01-0043-01,Energy - Kola Koala - Tub 50 Portions,01 - Energy Bundle
11-00-01-0044-01,Energy - Acai Anaconda - Tub 50 Portions,01 - Energy Bundle
11-00-01-0045-01,Energy - Cotton Candy Caterpillar - Tub 50 Portions,01 - Energy Bundle
11-00-01-0046-01,Energy - Lovebird Lollipop - Tub 50 Portions,01 - Energy Bundle
11-00-01-0047-01,Energy - Köln Kamelle - Tub 50 Portions,01 - Energy Bundle
11-00-01-0048-01,Energy - Matcha Strawberry - Tub 50 Portions,01 - Energy Bundle
11-04-01-0035-01,Energy - Dragonfruit - Tub 50 Portions - PL,01 - Energy Bundle
11-00-02-0001-01,Iced Tea - Acai - Tub 50 Portions,02 - Iced Tea Bundle
11-00-02-0002-01,Iced Tea - Blackberry - Tub 50 Portions,02 - Iced Tea Bundle
11-00-02-0003-01,Iced Tea - Green Apple - Tub 50 Portions,02 - Iced Tea Bundle
11-00-02-0005-01,Iced Tea - Vanilla Raspberry - Tub 50 Portions,02 - Iced Tea Bundle
11-00-02-0006-01,Iced Tea - Peach - Tub 50 Portions,02 - Iced Tea Bundle
11-00-02-0007-01,Iced Tea - Passion Fruit - Tub 50 Portions,02 - Iced Tea Bundle
11-00-02-0008-01,Iced Tea - Grape - Tub 50 Portions,02 - Iced Tea Bundle
11-00-02-0009-01,Iced Tea - Matcha - Tub 50 Portions,02 - Iced Tea Bundle
11-00-02-0010-01,Iced Tea - Glühwein - Tub 50 Portions,02 - Iced Tea Bundle
11-00-02-0011-01,Iced Tea - Lemon Honey - Tub 50 Portions,02 - Iced Tea Bundle
11-00-02-0012-01,Iced Tea - Honeydew Melon - Tub 50 Portions,02 - Iced Tea Bundle
11-00-02-0013-01,Iced Tea - Watermelon - Tub 50 Portions,02 - Iced Tea Bundle
11-00-02-0014-01,Iced Tea - Honey Darjeeling - Tub 50 Portions,02 - Iced Tea Bundle
11-00-02-0017-01,Iced Tea - Classic Black Tea x Assam - Tub 50 Portions,02 - Iced Tea Bundle
11-00-02-0019-01,Iced Tea - Classic Hibiscus Tea - Tub 50 Portions,02 - Iced Tea Bundle
11-00-02-0020-01,Iced Tea - Classic Green Tea - Tub 50 Portions,02 - Iced Tea Bundle
11-00-02-0021-01,Iced Tea - Strawberry Hibiscus - Tub 50 Portions,02 - Iced Tea Bundle
11-00-03-0001-01,Hydration - Strawberry Kiwi - Tub 50 Portions,03 - Hydration Bundle
11-00-03-0002-01,Hydration - Pink Grapefruit - Tub 50 Portions,03 - Hydration Bundle
11-00-03-0003-01,Hydration - White Peach - Tub 50 Portions,03 - Hydration Bundle
11-00-03-0004-01,Hydration - Pear - Tub 50 Portions,03 - Hydration Bundle
11-00-03-0005-01,Hydration - Cranberry - Tub 50 Portions,03 - Hydration Bundle
11-00-03-0006-01,Hydration - Lemon - Tub 50 Portions,03 - Hydration Bundle
11-00-03-0007-01,Hydration - Coconut - Tub 50 Portions,03 - Hydration Bundle
11-00-03-0008-01,Hydration - Pineapple - Tub 50 Portions,03 - Hydration Bundle
11-00-03-0009-01,Hydration - Sour Cherry - Tub 50 Portions,03 - Hydration Bundle
11-00-03-0010-01,Hydration - Guave - Tub 50 Portions,03 - Hydration Bundle
11-00-03-0011-01,Hydration - Watermelon - Tub 50 Portions,03 - Hydration Bundle
11-00-03-0012-01,Hydration - Blue Raspberry - Tub 50 Portions,03 - Hydration Bundle
11-00-03-0013-01,Hydration -  Multivitamin - Tub 50 Portions,03 - Hydration Bundle
11-00-03-0014-01,Hydration - Orange - Tub 50 Portions,03 - Hydration Bundle
11-00-03-0015-01,Hydration - Passionfruit - Tub 50 Portions,03 - Hydration Bundle
11-00-03-0016-01,Hydration - Dragonfruit - Tub 50 Portions,03 - Hydration Bundle
11-00-03-0019-01,Hydration - Matcha Green Apple & Kiwi - Tub 50 Portions,03 - Hydration Bundle
11-00-04-0001,Energy - Raspberry Raptor - Single Sachet,04 - Energy Sachet
11-00-04-0002,Energy - Tropical Tiger - Single Sachet,04 - Energy Sachet
11-00-04-0003,Energy - Citrus Cobra - Single Sachet,04 - Energy Sachet
11-00-04-0004,Energy - Strawberry Shark - Single Sachet,04 - Energy Sachet
11-00-04-0005,Energy - Lemon Lizard - Single Sachet,04 - Energy Sachet
11-00-04-0006,Energy - Xmas - Single Sachet,04 - Energy Sachet
11-00-04-0008,Energy - Peach Panther - Single Sachet,04 - Energy Sachet
11-00-04-0009,Energy - Blueberry Bear - Single Sachet,04 - Energy Sachet
11-00-04-0010,Energy - Pomegranate Piranha - Single Sachet,04 - Energy Sachet
11-00-04-0011,Energy - Bubblegum Butterfly - Single Sachet,04 - Energy Sachet
11-00-04-0012,Energy - Baked Apple Boar - Single Sachet,04 - Energy Sachet
11-00-04-0013,Energy - Fruity Frog - Single Sachet,04 - Energy Sachet
11-00-04-0014,Energy - Thai Lime Toucan - Single Sachet,04 - Energy Sachet
11-00-04-0015,Energy - Cactus Camel - Single Sachet,04 - Energy Sachet
11-00-04-0016,Energy - Gorilla Grape - Single Sachet,04 - Energy Sachet
11-00-04-0017,Energy - Apple Alligator - Single Sachet,04 - Energy Sachet
11-00-04-0018,Energy - Watermelon Whale - Single Sachet,04 - Energy Sachet
11-00-04-0019,Energy - Wildberry Wolf - Single Sachet,04 - Energy Sachet
11-00-04-0020,Energy - Peacock Punch - Single Sachet,04 - Energy Sachet
11-00-04-0021,Energy - Cherry Cheetah - Single Sachet,04 - Energy Sachet
11-00-04-0023,Energy - Grapefruit Giraffe - Single Sachet,04 - Energy Sachet
11-00-04-0024,Energy - Guarana Eel - Single Sachet,04 - Energy Sachet
11-00-04-0031,Energy - Caipirinha Crab - Single Sachet,04 - Energy Sachet
11-00-04-0032,Energy - Daiquiri Dolphin - Single Sachet,04 - Energy Sachet
11-00-04-0034,Energy - Kiwi Komodo - Single Sachet,04 - Energy Sachet
11-00-04-0035,Energy - Dragonfruit Dragon - Single Sachet,04 - Energy Sachet
11-00-04-0036,Energy - Blood Orange Bat - Single Sachet,04 - Energy Sachet
11-00-04-0037,Energy - Frosty Fox - Single Sachet,04 - Energy Sachet
11-00-04-0041,Energy - Colada Capybara - Single Sachet,04 - Energy Sachet
11-00-04-0042,Energy - Tangerine Tarantula - Single Sachet,04 - Energy Sachet
11-00-04-0043,Energy - Kola Koala - Single Sachet,04 - Energy Sachet
11-00-04-0044,Energy - Acai Anaconda - Single Sachet,04 - Energy Sachet
11-00-04-0048,Energy - Matcha Strawberry - Single Sachet,04 - Energy Sachet
11-00-05-0001,Iced Tea - Acai - Single Sachet,05 - Iced Tea Sachet
11-00-05-0002,Iced Tea - Blackberry - Single Sachet,05 - Iced Tea Sachet
11-00-05-0003,Iced Tea - Green Apple - Single Sachet,05 - Iced Tea Sachet
11-00-05-0005,Iced Tea - Vanilla Raspberry - Single Sachet,05 - Iced Tea Sachet
11-00-05-0006,Iced Tea - Peach - Single Sachet,05 - Iced Tea Sachet
11-00-05-0007,Iced Tea - Passion Fruit - Single Sachet,05 - Iced Tea Sachet
11-00-05-0009,Iced Tea - Tea Matcha - Single Sachet,05 - Iced Tea Sachet
11-00-05-0010,Iced Tea - Glühwein - Single Sachet,05 - Iced Tea Sachet
11-00-05-0011,Iced Tea - Lemon Honey - Single Sachet,05 - Iced Tea Sachet
11-00-05-0013,Iced Tea - Watermelon - Single Sachet,05 - Iced Tea Sachet
11-00-05-0014,Iced Tea - Honey Darjeeling x Black Tea - Single Sachet,05 - Iced Tea Sachet
11-00-05-0017,Iced Tea - Classic Assam x Black Tea - Single Sachet,05 - Iced Tea Sachet
11-00-05-0019,Iced Tea - Classic Hibiscus Tea - Single Sachet,05 - Iced Tea Sachet
11-00-05-0020,Iced Tea - Classic Green Tea - Single Sachet,05 - Iced Tea Sachet
11-00-05-0021,Iced Tea - Strawberry x Hibiscus Tea - Single Sachet,05 - Iced Tea Sachet
11-00-06-0001,Hydration - Strawberry Kiwi - Single Sachet,06 - Hydration Sachet
11-00-06-0002,Hydration - Pink Grapefruit - Single Sachet,06 - Hydration Sachet
11-00-06-0003,Hydration - White Peach - Single Sachet,06 - Hydration Sachet
11-00-06-0004,Hydration - Pear - Single Sachet,06 - Hydration Sachet
11-00-06-0005,Hydration - Cranberry - Single Sachet,06 - Hydration Sachet
11-00-06-0006,Hydration - Lemon - Single Sachet,06 - Hydration Sachet
11-00-06-0007,Hydration - Coconut - Single Sachet,06 - Hydration Sachet
11-00-06-0008,Hydration - Pineapple - Single Sachet,06 - Hydration Sachet
11-00-06-0009,Hydration - Sour Cherry - Single Sachet,06 - Hydration Sachet
11-00-06-0010,Hydration - Guave - Single Sachet,06 - Hydration Sachet
11-00-06-0011,Hydration - Watermelon - Single Sachet,06 - Hydration Sachet
11-00-06-0012,Hydration - Blue Raspberry - Single Sachet,06 - Hydration Sachet
11-00-06-0013,Hydration - Multivitamin - Single Sachet,06 - Hydration Sachet
11-00-06-0014,Hydration - Orange - Single Sachet,06 - Hydration Sachet
11-00-06-0015,Hydration - Passionfruit - Single Sachet,06 - Hydration Sachet
11-00-06-0016,Hydration - Dragonfruit - Single Sachet,06 - Hydration Sachet
11-00-06-0019,Hydration - Matcha Green Apple & Kiwi - Single Sachet,06 - Hydration Sachet
11-00-07-0001,Energy - Raspberry Raptor - Sample Box 10 Portions,07 - Energy Sachetbox
11-00-07-0002,Energy - Tropical Tiger - Sample Box 10 Portions,07 - Energy Sachetbox
11-00-07-0003,Energy - Citrus Cobra - Sample Box 10 Portions,07 - Energy Sachetbox
11-00-07-0004,Energy - Strawberry Shark - Sample Box 10 Portions,07 - Energy Sachetbox
11-00-07-0005,Energy - Lemon Lizard - Sample Box 10 Portions,07 - Energy Sachetbox
11-00-07-0007,Energy - Lion Lemonade - Sample Box 10 Portions,07 - Energy Sachetbox
11-00-07-0009,Energy - Blueberry Bear - Sample Box 10 Portions,07 - Energy Sachetbox
11-00-07-0010,Energy - Pomegranate Piranha - Sample Box 10 Portions,07 - Energy Sachetbox
11-00-07-0013,Energy - Fruity Frog - Sample Box 10 Portions,07 - Energy Sachetbox
11-00-07-0014,Energy - Thai Lime Toucan - Sample Box 10 Portions,07 - Energy Sachetbox
11-00-07-0015,Energy - Cactus Camel - Sample Box 10 Portions,07 - Energy Sachetbox
11-00-07-0016,Energy - Gorilla Grape - Sample Box 10 Portions,07 - Energy Sachetbox
11-00-07-0017,Energy - Apple Alligator - Sample Box 10 Portions,07 - Energy Sachetbox
11-00-07-0018,Energy - Watermelon Whale - Sample Box 10 Portions,07 - Energy Sachetbox
11-00-07-0019,Energy - Wildberry Wolf - Sample Box 10 Portions,07 - Energy Sachetbox
11-00-07-0020,Energy - Peacock Punch - Sample Box 10 Portions,07 - Energy Sachetbox
11-00-07-0021,Energy - Cherry Cheetah - Sample Box 10 Portions,07 - Energy Sachetbox
11-00-07-0023,Energy - Grapefruit Giraffe - Sample Box 10 Portions,07 - Energy Sachetbox
11-00-07-0034,Energy - Kiwi Komodo - Sample Box 10 Portions,07 - Energy Sachetbox
11-00-07-0035,Energy - Dragonfruit - Sample Box 10 Portions,07 - Energy Sachetbox
11-00-07-0036,Energy - Bloodorange Bat - Sample Box 10 Portions,07 - Energy Sachetbox
11-00-07-0042,Energy - Tangerine Tarantula - Sample Box 10 Portions,07 - Energy Sachetbox
11-00-07-0043,Energy - Kola Koala - Sample Box 10 Portions,07 - Energy Sachetbox
11-00-07-0044,Energy - Acai Anaconda - Sample Box 10 Portions,07 - Energy Sachetbox
11-00-07-0048,Energy - Matcha Strawberry - Sample Box 10 Portions,07 - Energy Sachetbox
11-00-08-0001,Iced Tea - Acai - Sample Box 10 Portions,08 - Iced Tea Sachetbox
11-00-08-0002,Iced Tea - Blackberry - Sample Box 10 Portions,08 - Iced Tea Sachetbox
11-00-08-0003,Iced Tea - Green Apple - Sample Box 10 Portions,08 - Iced Tea Sachetbox
11-00-08-0005,Iced Tea - Vanilla Raspberry - Sample Box 10 Portions,08 - Iced Tea Sachetbox
11-00-08-0006,Iced Tea - Peach - Sample Box 10 Portions,08 - Iced Tea Sachetbox
11-00-08-0007,Iced Tea - Passionfruit - Sample Box 10 Portions,08 - Iced Tea Sachetbox
11-00-08-0008,Iced Tea - Grape - Sample Box 10 Portions,08 - Iced Tea Sachetbox
11-00-08-0009,Iced Tea - Matcha - Sample Box 10 Portions,08 - Iced Tea Sachetbox
11-00-08-0011,Iced Tea - Lemon Honey - Sample Box 10 Portions,08 - Iced Tea Sachetbox
11-00-08-0012,Iced Tea - Honeydew Melon - Sample Box 10 Portions,08 - Iced Tea Sachetbox
11-00-08-0013,Iced Tea - Watermelon - Sample Box 10 Portions,08 - Iced Tea Sachetbox
11-00-08-0014,Iced Tea - Honey Darjeeling - Sample Box 10 Portions,08 - Iced Tea Sachetbox
11-00-08-0017,Iced Tea - Classic Assam x Black Tea - Sample Box 10 Portions,08 - Iced Tea Sachetbox
11-00-08-0019,Iced Tea - Classic Hibiscus - Sample Box 10 Portions,08 - Iced Tea Sachetbox
11-00-08-0020,Iced Tea - Classic Green Tea - Sample Box 10 Portions,08 - Iced Tea Sachetbox
11-00-08-0021,Iced Tea - Strawberry x Hibiscus Tea - Sample Box 10 Portions,08 - Iced Tea Sachetbox
11-00-09-0001,Hydration - Strawberry Kiwi - Sample Box 10 Portions,09 - Hydration Sachetbox
11-00-09-0002,Hydration - Pink Grapefruit - Sample Box 10 Portions,09 - Hydration Sachetbox
11-00-09-0003,Hydration - White Peach - Sample Box 10 Portions,09 - Hydration Sachetbox
11-00-09-0004,Hydration - Pear - Sample Box 10 Portions,09 - Hydration Sachetbox
11-00-09-0005,Hydration - Cranberry - Sample Box 10 Portions,09 - Hydration Sachetbox
11-00-09-0006,Hydration - Lemon - Sample Box 10 Portions,09 - Hydration Sachetbox
11-00-09-0007,Hydration - Coconut - Sample Box 10 Portions,09 - Hydration Sachetbox
11-00-09-0008,Hydration - Pineapple - Sample Box 10 Portions,09 - Hydration Sachetbox
11-00-09-0009,Hydration - Sour Cherry - Sample Box 10 Portions,09 - Hydration Sachetbox
11-00-09-0010,Hydration - Guave - Sample Box 10 Portions,09 - Hydration Sachetbox
11-00-09-0011,Hydration - Watermelon - Sample Box 10 Portions,09 - Hydration Sachetbox
11-00-09-0012,Hydration - Blue Raspberry - Sample Box 10 Portions,09 - Hydration Sachetbox
11-00-09-0012-MP,Hydration - Blue Raspberry Mystery - Sample Box 10 Portions,09 - Hydration Sachetbox
11-00-09-0013,Hydration - Multivitamin - Sample Box 10 Portions,09 - Hydration Sachetbox
11-00-09-0014,Hydration - Orange - Sample Box 10 Portions,09 - Hydration Sachetbox
11-00-09-0015,Hydration - Passionfruit - Sample Box 10 Portions,09 - Hydration Sachetbox
11-00-09-0016,Hydration - Dragonfruit - Sample Box 10 Portions,09 - Hydration Sachetbox
11-00-09-0017,Hydration - Green Apple - Sample Box 10 Portions,09 - Hydration Sachetbox
11-00-09-0019,"Hydration - Matcha, Green Apple & Kiwi - Sample Box 10 Portions",09 - Hydration Sachetbox
11-00-09-0021,Hydration - Apricot - Sample Box 10 Portions,09 - Hydration Sachetbox
11-00-10-0005,Shaker - HOLYMOLY Shaker,10 - Shaker
11-00-10-0006-02,HOLY HOLY HOLY Shaker - Gold Shaker,10 - Shaker
11-00-10-0015-01,Squad Shaker XL - Weiß,10 - Shaker
11-00-10-0017-01,Shaker - Logo Shaker - Schwarz,10 - Shaker
11-00-10-0020,Shaker - Giga Gallon Weiß,10 - Shaker
11-00-10-0043,Shaker - HOLY Burrsday,10 - Shaker
11-00-10-0044-01,700ml Thermo Shaker - Black,10 - Shaker
11-00-10-0044-03,700ml Thermo Shaker - Flieder,10 - Shaker
11-00-10-0045-01,700ml Community Thermo Shaker - Gradient Blue/Orange,10 - Shaker
11-00-10-0045-02,700ml Community Thermo Shaker - Gradient Yellow/Pink,10 - Shaker
11-00-10-0045-04,700ml Community Thermo Shaker - Gradient Cobra,10 - Shaker
11-00-10-0045-09,700ml Community Thermo Shaker - Green/Pink,10 - Shaker
11-00-10-0045-11,700ml Community Thermo Shaker - Red/Orange/Blue,10 - Shaker
11-00-10-0045-12,700ml Community Thermo Shaker - Gradient Rose/White/Lime,10 - Shaker
11-00-10-0045-13,700ml Community Thermo Shaker - Gradient Bright Blue/White/Yellow,10 - Shaker
11-00-10-0045-16,700ml Community Thermo Shaker - Blueberry Bear,10 - Shaker
11-00-10-0059-01,Shaker - Hydration - Pink Grapefruit - 500ml,10 - Shaker
11-00-10-0059-02,Shaker - Hydration - White Peach -500ml,10 - Shaker
11-00-10-0059-03,Shaker - Hydration - Strawberry Kiwi,10 - Shaker
11-00-10-0059-04,Shaker - Hydration  - Pear,10 - Shaker
11-00-10-0059-05,Hydration Shaker - Cranberry,10 - Shaker
11-00-10-0059-06,Hydration Shaker - Lemon,10 - Shaker
11-00-10-0059-07,Hydration Shaker - Coconut,10 - Shaker
11-00-10-0059-08,Hydration Shaker - Pineapple,10 - Shaker
11-00-10-0059-09,Hydration Shaker - Sour Cherry,10 - Shaker
11-00-10-0059-10,Hydration Shaker - Guave,10 - Shaker
11-00-10-0059-11,Hydration Shaker - Watermelon,10 - Shaker
11-00-10-0059-13,Hydration Shaker - Multivitamin,10 - Shaker
11-00-10-0059-14,Hydration Shaker - Orange,10 - Shaker
11-00-10-0059-15,Hydration Shaker - Passionfruit,10 - Shaker
11-00-10-0059-16,Hydration Shaker - Dragonfruit ,10 - Shaker
11-00-10-0059-19,Hydration Shaker - Blaue Himbeere ,10 - Shaker
11-00-10-0059-20,Hydration Shaker - Matcha grüner Apfel & Kiwi,10 - Shaker
11-00-10-0073-01,HOLY Thermo Shaker - Energy,10 - Shaker
11-00-10-0073-02,HOLY Thermo Shaker - Iced Tea,10 - Shaker
11-00-10-0073-03,HOLY Thermo Shaker - Hydration,10 - Shaker
11-00-10-0073-04,HOLY Thermo Shaker - Milkshake,10 - Shaker
11-00-10-0078,Shaker - HOLY Logo Glasflasche,10 - Shaker
11-00-10-0095-01,Animal Shaker - Raptor,10 - Shaker
11-00-10-0095-02,Animal Shaker - Cobra,10 - Shaker
11-00-10-0095-03,Animal Shaker - Tiger,10 - Shaker
11-00-10-0095-04,Animal Shaker - Shark,10 - Shaker
11-00-10-0095-05,Animal Shaker - Lizard,10 - Shaker
11-00-10-0095-06,Animal Shaker - Lion,10 - Shaker
11-00-10-0095-07,Animal Shaker - Panther,10 - Shaker
11-00-10-0095-08,Animal Shaker - Bear,10 - Shaker
11-00-10-0095-09,Animal Shaker - Piranha,10 - Shaker
11-00-10-0095-10,Animal Shaker - Frog,10 - Shaker
11-00-10-0095-11,Animal Shaker - Toucan,10 - Shaker
11-00-10-0095-12,Animal Shaker - Camel,10 - Shaker
11-00-10-0095-13,Animal Shaker - Gorilla,10 - Shaker
11-00-10-0095-14,Animal Shaker - Alligator,10 - Shaker
11-00-10-0095-15,Animal Shaker - Peacock,10 - Shaker
11-00-10-0095-17,Animal Shaker - Whale,10 - Shaker
11-00-10-0095-18,Animal Shaker - Happy Wolf,10 - Shaker
11-00-10-0095-19,Animal Shaker - Giraffe,10 - Shaker
11-00-10-0095-20,Animal Shaker - Energy Eel,10 - Shaker
11-00-10-0095-23,Animal Shaker - HOLY x hitschies Krakenarme,10 - Shaker
11-00-10-0095-24,Animal Shaker - Crab,10 - Shaker
11-00-10-0095-25,Animal Shaker - Dolphin,10 - Shaker
11-00-10-0095-26,Animal Shaker - Macaw,10 - Shaker
11-00-10-0095-27,Animal Shaker - Komodo,10 - Shaker
11-00-10-0095-28,Animal Shaker - Angry Wolf,10 - Shaker
11-00-10-0095-29,Animal Shaker - Butterfly,10 - Shaker
11-00-10-0095-30,Animal Shaker - Bat,10 - Shaker
11-00-10-0095-31,Animal Shaker - Fox,10 - Shaker
11-00-10-0095-32,Animal Shaker - Dragonfruit Dragon,10 - Shaker
11-00-10-0095-33,Animal Shaker - Boar,10 - Shaker
11-00-10-0095-35,Animal Shaker - Burrsday Bunny,10 - Shaker
11-00-10-0095-36,Animal Shaker - Colada Capybara,10 - Shaker
11-00-10-0095-42,Animal Shaker - Tangerine Tarantula,10 - Shaker
11-00-10-0095-43,Animal Shaker - Koala Kola ,10 - Shaker
11-00-10-0095-44,Animal Shaker - Acai Anaconda ,10 - Shaker
11-00-10-0095-45,Animal Shaker - Cotton Candy Caterpillar,10 - Shaker
11-00-10-0095-47,Animal Shaker - Cherry Lovebird ,10 - Shaker
11-00-10-0095-48,Animal Shaker - Matcha Misaki ,10 - Shaker
11-00-10-0096-01,Iced Tea Shaker - Acai,10 - Shaker
11-00-10-0096-02,Iced Tea Shaker - Apple,10 - Shaker
11-00-10-0096-03,Iced Tea Shaker - Blackberry,10 - Shaker
11-00-10-0096-04,Iced Tea Shaker - Peach,10 - Shaker
11-00-10-0096-05,Iced Tea Shaker - Raspberry,10 - Shaker
11-00-10-0096-06,Iced Tea Shaker - Passionfruit,10 - Shaker
11-00-10-0096-07,Iced Tea Shaker - Red Grapes,10 - Shaker
11-00-10-0096-08,Iced Tea Shaker - Matcha Lime Mint,10 - Shaker
11-00-10-0096-09,Iced Tea Shaker - Lemon Honey,10 - Shaker
11-00-10-0096-11,Iced Tea Shaker - Honeydew Melon,10 - Shaker
11-00-10-0096-12,Iced Tea Shaker - Watermelon,10 - Shaker
11-00-10-0096-13,Iced Tea Shaker - Pineapple,10 - Shaker
11-00-10-0096-14,Iced Tea Shaker - Darjeeling Honey,10 - Shaker
11-00-10-0096-16,Iced Tea Shaker - Starfruit x Hibiscus ,10 - Shaker
11-00-10-0096-17,Iced Tea Shaker - Classic Assam x Black Tea,10 - Shaker
11-00-10-0096-18,Iced Tea Shaker - Strawberry Hibiscus ,10 - Shaker
11-00-10-0096-19,Iced Tea Shaker - Classic Hibiscus Tea ,10 - Shaker
11-00-10-0096-20,Iced Tea Shaker - Classic Green Tea,10 - Shaker
11-00-10-0096-22,Iced Tea Shaker - Winterpunch Shaker 2025 ,10 - Shaker
11-00-10-0110,Shaker - HOLY Alphacast Thermo Shaker,10 - Shaker
11-00-10-0111,Shaker - HOLY Ici Japon Corp Thermo Shaker,10 - Shaker
11-00-10-0112,Shaker - HOLY Sheshounet Thermo Shaker,10 - Shaker
11-00-10-0113,Shaker - HOLY MrTiboute Thermo Shaker,10 - Shaker
11-00-10-0115,Shaker - HOLY Brushed Logo Thermo Shaker (Adventcalendar),10 - Shaker
11-00-10-0123,Shaker - HOLY Advent Calendar Shaker 24,10 - Shaker
11-00-10-0126,Shaker - HOLY x Spongebob Thermo Shaker,10 - Shaker
11-00-10-0127-01,1 Liter Thermo Shaker Black,10 - Shaker
11-00-10-0127-02,1 Liter Thermo Shaker Purple,10 - Shaker
11-00-10-0128-18,Shaker - Creator Shaker Round #20 - HOLY M4f Shaker,10 - Shaker
11-00-10-0129,Shaker - HOLY x 7vsWild Shaker,10 - Shaker
11-00-10-0139-01,Shaker - Milkshake - Vanilla - 500ml,10 - Shaker
11-00-10-0139-02,Shaker - Milkshake - Banana - 500ml,10 - Shaker
11-00-10-0139-03,Shaker - Milkshake - Hazelnut - 500ml,10 - Shaker
11-00-10-0139-04,Shaker - Milkshake - Strawberry - 500ml,10 - Shaker
11-00-10-0139-05,Shaker - Milkshake - Caramel - 500ml,10 - Shaker
11-00-10-0139-06,Shaker - Milkshake - Spekulatius - 500ml,10 - Shaker
11-00-10-0139-07,Shaker - Milkshake - Matcha Latte - 500ml,10 - Shaker
11-00-10-0143,Checkered Glass Bottle,10 - Shaker
11-00-10-0154-01,FC Pau Thermo Shaker,10 - Shaker
11-00-10-0156,Creator Bottle Jiraya,10 - Shaker
11-00-10-0171,HOLY Frankfurter Löwen Shaker,10 - Shaker
11-00-10-0184,Advent calender 2025 - Thermo Shaker 700ml,10 - Shaker
11-00-10-0185,Advent calender 2025 - Plastic Shaker 500ml,10 - Shaker
11-00-10-0186,Advent calender 2025 - Thermo Shaker 1L,10 - Shaker
11-00-10-0198,Hydration Summer Drop - Thermo Shaker 700ml,10 - Shaker
11-00-10-0199,Patrick - Thermo Shaker 700ml ,10 - Shaker
11-00-10-0204,7 vs. Wild - Thermo Shaker,10 - Shaker
11-00-10-0205,1L Thermo Shaker Shark Gradient (Blue/Pink),10 - Shaker
11-00-10-0211,600ml HOLY Darts Shaker,10 - Shaker
11-00-10-0212,IDREAU Thermo Shaker ,10 - Shaker
11-00-10-0213,XMAS Thermo Shaker 700ml ,10 - Shaker
11-00-10-0217, 1L Thermo Shaker Tarantula,10 - Shaker
11-00-10-0222,Thermo Shaker - NEW 2025 Frosty Fox - 1 L ,10 - Shaker
11-00-10-0225,Glas bottle - 7 vs. Wild Anaconda ,10 - Shaker
11-00-10-0228,Thermo Shaker - NYNM 2026 - 700ml,10 - Shaker
11-00-10-0231,Glas bottle - Classic Tea Kampagne,10 - Shaker
11-00-10-0238,Thermo Shaker - 1. FC Köln - 700ml ,10 - Shaker
11-00-10-0239,Thermo Shaker - NYNM 2026 - 700ml Sport,10 - Shaker
11-00-10-0240,Thermo Shaker - NYNM 2026 - 1L,10 - Shaker
11-00-10-0251,Shaker - Schradin - 500ml,10 - Shaker
11-00-10-0252,Shaker - Kendro - 500ml ,10 - Shaker
11-00-10-0253,Shaker - FWS - 500ml,10 - Shaker
11-00-10-0255,Thermo Shaker - HugoDelire - 700ml,10 - Shaker
11-00-10-0256,Shaker - 1. FC Köln 2026 - 500ml,10 - Shaker
11-00-10-0257,Shaker - La Sueur - 500ml,10 - Shaker
11-00-10-0260,Shaker - Method 2.0 - 500ml,10 - Shaker
11-00-10-0263,Thermo Shaker - World Cup 2026 - 700ml DE ,10 - Shaker
11-00-10-0268,Thermo Shaker - BURRsDay 2026 - 1L,10 - Shaker
11-00-10-0269,Glas bottle - BURRSday 2026,10 - Shaker
11-00-10-0270,Shaker - Malternativ Shaker - 500ml,10 - Shaker
11-00-10-0272,Thermo Shaker - Matcha - 700ml,10 - Shaker
11-00-10-0273,Shaker - Medusa - 500ml,10 - Shaker
11-00-10-0274,Shaker - Bastelnerd - 500ml,10 - Shaker
11-00-10-0275,Shaker - Kola Koala - Giga Gallon,10 - Shaker
11-00-10-0276,Shaker - Lunywoo x Jinja - 500ml,10 - Shaker
11-00-10-0277,Thermo Shaker - Loot für die Welt - 700ml,10 - Shaker
11-00-10-0280,Shaker - Joblife - 500ml,10 - Shaker
11-00-10-0281,Creator Shaker - Nicolnic - 500ml,10 - Shaker
11-00-10-0282,Creator Shaker - Just Nero - 600ml,10 - Shaker
11-00-10-0283,Shaker - I Called Game - 500ml,10 - Shaker
11-00-10-0288,Shaker - Pyrkon 2026 - 500ml,10 - Shaker
11-00-10-0294,Creator Thermo Shaker - SurvivalMattin - 700ml,10 - Shaker
12-00-10-0095-21,Animal Shaker - Cheetah,10 - Shaker
11-00-11-0013-01,Merch - Metall Löffel - Standard,11 - Merch
11-00-11-0015-02,Merch - Iced Tea Metallbox - Blackberry,11 - Merch
11-00-11-0016-01,Merch - Metall Löffel Blau,11 - Merch
11-00-11-0016-03,Merch - Metall Löffel  Grün,11 - Merch
11-00-11-0016-06,Rainbow,11 - Merch
11-00-11-0030-05,Merch - Mousepad -  Shark Swirl,11 - Merch
11-00-11-0030-06,Merch - Mousepad - Frog Smiley,11 - Merch
11-00-11-0046,Merch - Holy Eiswürfelform lila,11 - Merch
11-00-11-0051,Merch - Tassen Adventskalender,11 - Merch
11-00-11-0068,Merch - Squad Magnet,11 - Merch
11-00-11-0081,Merch - Tote Bag,11 - Merch
11-00-11-0082,Merch - HOLY Black Cap,11 - Merch
11-00-11-0095,Merch - HOLY x Spongebob Slotted Turner,11 - Merch
11-00-11-0100-01,Merch - Silicone Coaster Energy,11 - Merch
11-00-11-0100-02,Merch - Silicone Coaster Iced Tea,11 - Merch
11-00-11-0100-03,Merch - Silicone Coaster Hydration,11 - Merch
11-00-11-0100-04,Merch - Silicone Coaster Set of 3,11 - Merch
11-00-11-0101-01,Merch - Größe S Halloween T-Shirt 2024,11 - Merch
11-00-11-0101-02,Merch - Größe M Halloween T-Shirt 2024,11 - Merch
11-00-11-0101-03,Merch - Größe L Halloween T-Shirt 2024,11 - Merch
11-00-11-0101-04,Merch - Größe XL Halloween T-Shirt 2024,11 - Merch
11-00-11-0101-05,Merch - Größe 2XL Halloween T-Shirt 2024,11 - Merch
11-00-11-0101-06,Merch - Größe 3XL Halloween T-Shirt 2024,11 - Merch
11-00-11-0101-07,Merch - Größe 4XL Halloween T-Shirt 2024,11 - Merch
11-00-11-0101-08,Merch - Größe 5XL Halloween T-Shirt 2024,11 - Merch
11-00-11-0102,HOLY Xmas Mug 2024,11 - Merch
11-00-11-0104-04,Größe XL,11 - Merch
11-00-11-0106-02,Größe M,11 - Merch
11-00-11-0106-05,Größe 2XL,11 - Merch
11-00-11-0108-05,Größe 2XL,11 - Merch
11-00-11-0112,Hitschies Tote Bag,11 - Merch
11-00-11-0115,Hydration Beach Ball Set,11 - Merch
11-00-11-0116,Hydration Kühltasche,11 - Merch
11-00-11-0124,Advent calender 2025 - Socks,11 - Merch
11-00-11-0129-01,Slides - Size 36-37,11 - Merch
11-00-11-0129-02,Slides - Size 38-39,11 - Merch
11-00-11-0130,HOLY Football,11 - Merch
11-00-11-0132,HOLY Wimpel,11 - Merch
11-00-11-0142-03,Axolotl Shirts T-Shirt - Größe M ,11 - Merch
11-00-11-0142-07,Axolotl Shirts T-Shirt - Größe XXXL,11 - Merch
11-00-11-0144-01,Black Week Premium Hoodie XS,11 - Merch
11-00-11-0144-02,Black Week Premium Hoodie S ,11 - Merch
11-00-11-0144-03,Black Week Premium Hoodie M,11 - Merch
11-00-11-0144-04,Black Week Premium Hoodie L,11 - Merch
11-00-11-0144-05,Black Week Premium Hoodie XL,11 - Merch
11-00-11-0144-06,Black Week Premium Hoodie 2XL,11 - Merch
11-00-11-0145,HOLY Hotfoot Run Turnbeutel,11 - Merch
11-00-11-0146,HOLY Hotfoot Run Cap ,11 - Merch
11-00-11-0161,Cozy Blanket Black Week 2025,11 - Merch
11-00-11-0164,Xmas Ball 2025 ,11 - Merch
11-00-11-0165,Black Week Key Chain 2025,11 - Merch
11-00-11-0169-01,Classic Tea T-Shirt S 2025,11 - Merch
11-00-11-0177,Scarf - Fanschal 1. FC Köln ,11 - Merch
11-00-11-0178,Strohhalm Valentinstag 2026,11 - Merch
11-00-11-0179,Duftkerze Valentinstag 2026,11 - Merch
11-00-11-0180,Eisform Kola Koala 2026,11 - Merch
11-00-11-0187,Citrus Cobra Perfume - April Fools 2026 - 50ml ,11 - Merch
11-00-11-0190,Toiletry Bag Set - April Fools 2026,11 - Merch
11-00-11-0191,Tote Bag - Matcha 2026,11 - Merch
11-00-11-0192,DAD HAT Cap - Matcha 2026,11 - Merch
11-00-11-0195,Beach Towel - Summer Cocktail 2026 - 60x120 cm,11 - Merch
11-00-11-0196-01,Slides - Summer Cocktail 2026 - Size 36-37,11 - Merch
11-00-11-0196-02,Slides - Summer Cocktail 2026 - Size 38-39,11 - Merch
11-00-11-0196-03,Slides - Summer Cocktail 2026 - Size 40-41,11 - Merch
11-00-11-0196-04,Slides - Summer Cocktail 2026 - Size 42-43,11 - Merch
11-00-11-0196-05,Slides - Summer Cocktail 2026 - Size 44-45,11 - Merch
11-00-11-0196-06,Slides - Summer Cocktail 2026 - Size 46-47,11 - Merch
11-00-11-0197,Ice Cube Tray - Summer Cocktail 2026,11 - Merch
11-00-11-0198,Mini Football - World Cup 2026,11 - Merch
11-00-11-0199-01,T-Shirt - Syrup bottle 5th Burrsday - XS,11 - Merch
11-00-11-0199-02,T-Shirt - Syrup bottle 5th Burrsday - S,11 - Merch
11-00-11-0199-03,T-Shirt - Syrup bottle 5th Burrsday - M,11 - Merch
11-00-11-0199-04,T-Shirt - Syrup bottle 5th Burrsday - L,11 - Merch
11-00-11-0199-05,T-Shirt - Syrup bottle 5th Burrsday - XL,11 - Merch
11-00-11-0199-06,T-Shirt - Syrup bottle 5th Burrsday - XXL,11 - Merch
11-00-11-0199-07,T-Shirt - Syrup bottle 5th Burrsday - XXXL,11 - Merch
11-00-11-0200,Key Cover Set - Syrup bottle 5th Burrsday,11 - Merch
11-00-13-0003,Smiley Sticker,13 - Sticker
11-00-13-0010,Sticker NYNM,13 - Sticker
11-00-13-0014,Stickerpack - Halloween 2025 Holographic,13 - Sticker
11-00-13-0015,Stickerpack - Classic Ice Teas ,13 - Sticker
11-00-13-0016,Sticker Sheet - Valentines Day 2026,13 - Sticker
11-00-13-0017,Sticker Sheet - Syrup bottle 5th Burrsday,13 - Sticker
11-00-13-0018,Stickerpack - Loyalty Reward 2026,13 - Sticker
11-00-15-0006,XMAS Giftbox,15 - Collector's Box
11-00-20-0036,Other items - Manual Order Hold,20 - Other Items
11-00-20-0045-01,Verschlusskappe Schwarz,20 - Other Items
11-00-20-0045-02,Verschlusskappe Weiß,20 - Other Items
11-00-20-0045-03,Other items - Shaker Ersatzteil - Sieb,20 - Other Items
11-00-20-0045-04,Other items - Shaker Ersatzteil - Lid lower part - black,20 - Other Items
11-00-20-0045-05,Other items - Shaker Ersatzteil - Lid lower part - white,20 - Other Items
11-00-20-0064-01,Other items - Ersatz-Deckel & Trinklippe,20 - Other Items
11-00-20-0064-02,Other items - Ersatzdichtungen - 4er Pack,20 - Other Items
11-00-20-0064-03,Other items - Ersatzdichtungen - 4er Pack [Oct2024],20 - Other Items
11-00-20-0064-04,Ersatzdichtungen - 4er Pack - 1 Liter,20 - Other Items
11-00-20-0064-05,Ersatz-Deckel & Trinklippe - 1 Liter,20 - Other Items
11-00-20-0064-06,Ersatz Sieb Thermo 700ml,20 - Other Items
11-00-20-0073,Sealing Ring - Glassbottle,20 - Other Items
11-00-20-0088,Thermo Shaker - Sports Lid black ,20 - Other Items
11-00-20-0089,Thermo Shaker - Sports Lid lilac,20 - Other Items
11-00-20-0090,Thermo Shaker - Sports Lid pink,20 - Other Items
11-00-20-0091,Thermo Shaker - Sports Lid blue,20 - Other Items
11-00-31-0001,Milkshake - Vanilla - Single Sachet,31 - Milkshake Sachet
11-00-31-0002,Milkshake - Banana - Single Sachet,31 - Milkshake Sachet
11-00-31-0003,Milkshake - Hazelnut - Single Sachet,31 - Milkshake Sachet
11-00-31-0004,Milkshake - Strawberry - Single Sachet,31 - Milkshake Sachet
11-00-31-0005,Milkshake - Caramell - Single Sachet,31 - Milkshake Sachet
11-00-31-0006,Milkshake - Spekulatius - Single Sachet,31 - Milkshake Sachet
11-00-31-0007,Milkshake - Matcha - Single Sachet,31 - Milkshake Sachet
11-00-32-0001-01,Milkshake - Vanilla - Tub 50 Portions,32 - Milkshake Bundle
11-00-32-0002-01,Milkshake - Banana - Tub 50 Portions,32 - Milkshake Bundle
11-00-32-0003-01,Milkshake - Hazelnut - Tub 50 Portions,32 - Milkshake Bundle
11-00-32-0004-01,Milkshake - Strawberry - Tub 50 Portions,32 - Milkshake Bundle
11-00-32-0005-01,Milkshake - Caramel - Tub 50 Portions,32 - Milkshake Bundle
11-00-32-0006-01,Milkshake - Spekulatius - Tub 50 Portions ,32 - Milkshake Bundle
11-00-32-0007-01,Milkshake - Matcha - Tub 50 Portions,32 - Milkshake Bundle
11-00-33-0001,Milkshake - Vanilla - Sample Box 10 Portions,33 - Milkshake Sachetbox
11-00-33-0002,Milkshake - Banana - Sample Box 10 Portions,33 - Milkshake Sachetbox
11-00-33-0003,Milkshake - Hazelnut - Sample Box 10 Portions,33 - Milkshake Sachetbox
11-00-33-0004,Milkshake - Strawberry - Sample Box 10 Portions,33 - Milkshake Sachetbox
11-00-33-0005,Milkshake - Caramel - Sample Box 10 Portions,33 - Milkshake Sachetbox
11-00-33-0007,Milkshake - Matcha Latte - Sample Box 10 Portions,33 - Milkshake Sachetbox
10-00-35-0001,Mixed Sachet Box - Energy - 14 Portions,35 - Mixed Sachetbox
10-00-35-0004,Mixed Sachet Box - Iced Tea - 14 Portions,35 - Mixed Sachetbox
10-00-35-0007,Mixed Sachet Box - Hydration - 14 Portions,35 - Mixed Sachetbox
10-00-35-0008,Mixed Sachet Box - Milkshake - 15 Portions,35 - Mixed Sachetbox
10-00-35-0009,Mixed Sachet Box - Cocktails - 12 Portions,35 - Mixed Sachetbox
11-00-16-0023,Packaging material - Geschenkgutschein,36 - Gift Card
10-00-42-0001-01,HOLY Syrup Bottle - Darko,42 - Syrup Bottle
10-00-42-0001-02,HOLY Syrup Bottle - Syru,42 - Syrup Bottle
10-00-42-0001-03,HOLY Syrup Bottle - Raptor,42 - Syrup Bottle
11-00-43-0001,Syrup - Mixed 10 Pack - Pods ,43 - Syrup Bundle
11-00-43-0001-CS,Syrup - Mixed 10 Pack - Pods - CS,43 - Syrup Bundle
11-00-43-0002-01,Syrup Pod - 3er Bundle - Green Apple,43 - Syrup Bundle
11-00-43-0002-02,Syrup Pod - 3er Bundle - Elderflower Lime,43 - Syrup Bundle
11-00-43-0002-03,Syrup Pod - 3er Bundle - Cola Ice Pop,43 - Syrup Bundle
11-00-43-0002-04,Syrup Pod - 3er Bundle - Raspberry,43 - Syrup Bundle
11-00-43-0002-05,Syrup Pod - 3er Bundle - Peach,43 - Syrup Bundle
11-00-43-0002-06,Syrup Pod - 3er Bundle - Grapefruit,43 - Syrup Bundle
11-00-43-0002-07,Syrup Pod - 3er Bundle - Pomegranate,43 - Syrup Bundle
11-00-43-0002-08,Syrup Pod - 3er Bundle - Strawberry,43 - Syrup Bundle
11-00-43-0002-09,Syrup Pod - 3er Bundle - Mango,43 - Syrup Bundle
11-00-43-0002-10,Syrup Pod - 3er Bundle - Tangerine Yuzu,43 - Syrup Bundle
